name,antibody_seq_a,antibody_seq_b,antigen_seq
R1-32-T1,QVQLVQSGAEVKTPGSSVKVSCKASGGTFGSHSITWVRQAPGQGLEWMGRVIPILGIPDFAESFQGRVAITADRSTSTAHMELSRLRSEDTAVYYCARDVGYSGSGSSNYFDSWGQGTLVTVSS,QSVLTQPPSVSGAPGQRVTISCTGSNSNIGAGYDVHWYRQLPGTAPKLLIYVNNNRPSGVPDRFSGSRSGASASLAITGLQAEDEAEYYCQSYDSSLSGSIFGGGTKLTVL,RVQPTESIVRFPNITNLCPFGEVFNATRFASVYAWNRKRISNCVADYSVLYNSASFSTFKCYGVSPTKLNDLCFTNVYADSFVIRGDEVRQIAPGQTGKIADYNYKLPDDFTGCVIAWNSNNLDSKVGGNYNYLYRLFRKSNLKPFERDISTEIYQAGSTPCNGVEGFNCYFPLQSYGFQPTNGVGYQPYRVVVLSFELLHAPATVCGPKKSTNLVKNKCVNF
R1-32-T2,QVQLVQSGAEVKKPGSSVKVSCKASGGTFSTYPISWVRQAPGQGVEWMGAIIPILGTTDYAQIFQGRVTITADKSTSTAYMELSSLRPEDTAVYYCARERGYSGYGAAYYFDSWGQGTLVTVSS,QSVLTQPPSVSGAPGQRVTISCTGSDSNIGAGYDVHWYQQLPGTAPKLLIYVNINRPSGVPDRFSGSKSATSASLAITGLQAEDEADYYCQSYDSSLSGVVFGGGTKLTVL,RVQPTESIVRFPNITNLCPFGEVFNATRFASVYAWNRKRISNCVADYSVLYNSASFSTFKCYGVSPTKLNDLCFTNVYADSFVIRGDEVRQIAPGQTGKIADYNYKLPDDFTGCVIAWNSNNLDSKVGGNYNYLYRLFRKSNLKPFERDISTEIYQAGSTPCNGVEGFNCYFPLQSYGFQPTNGVGYQPYRVVVLSFELLHAPATVCGPKKSTNLVKNKCVNF
R1-32-T3,QVQLVQSGAEVKKPGSSVKVSCKASGGTFSSYTVSWVRQAPGQGLHWMGRIIPILGVADYAQKFQDRVTITADKSTGTAYMELSSLRSDDTAVYYCAREVGYSSSGSNWYFDLWGRGTLVTVSS,QSVLTQPPSVSGTPGQRVTISCTGSSSNIGAGYDVHWYQQVPGTAPKLLISVNNNRPSGVPDRFSGSKSGTSASLAITGLQAEDEADYYCQSYDSDLSGSLFGGGTKLTVL,RVQPTESIVRFPNITNLCPFGEVFNATRFASVYAWNRKRISNCVADYSVLYNSASFSTFKCYGVSPTKLNDLCFTNVYADSFVIRGDEVRQIAPGQTGKIADYNYKLPDDFTGCVIAWNSNNLDSKVGGNYNYLYRLFRKSNLKPFERDISTEIYQAGSTPCNGVEGFNCYFPLQSYGFQPTNGVGYQPYRVVVLSFELLHAPATVCGPKKSTNLVKNKCVNF
R1-32-T4,QVQLAQSGAEVKKPGSSVKVSCKASGGTFSNYPIGWVRQAPGHGLEWMGSIIPIVGIANYAQNFEGRVTLTADKSTSTAYMELSSLRSEDTALYYCARSLGYSGYGAASYFDPWGQGTLVTVSS,QSVLTQPPSVSGAPGQRVTISCTGSNSNIGAGYDVHWYQLLPGTAPKLLIYVNSNRPSGVPDRFSGSKSGTSASLAITGLQAEDEADYYCQSYDSSLSGSIFGGGTRLTVL,RVQPTESIVRFPNITNLCPFGEVFNATRFASVYAWNRKRISNCVADYSVLYNSASFSTFKCYGVSPTKLNDLCFTNVYADSFVIRGDEVRQIAPGQTGKIADYNYKLPDDFTGCVIAWNSNNLDSKVGGNYNYLYRLFRKSNLKPFERDISTEIYQAGSTPCNGVEGFNCYFPLQSYGFQPTNGVGYQPYRVVVLSFELLHAPATVCGPKKSTNLVKNKCVNF
R1-32-T5,QVQLVQSGAEVKRPGSSVKVSCKASGGTFSSYPITWVRQAPGLGPEWMGSIIPILGAGDYAQSLQGRVTITADKSTGTAFMELSSLRSADTAVYYCALARGYSASGSSYYFDNWGQGTLVTVSS,QSVLTQPPSVSGAPGQRVTISCTGSSSNIGAGYDVHWYQQLPGAAPKLLIYANTNRPSGVPDRFSGSKSGTSASLAITGLQAEDEADYYCQSYDSSLSGSVFGGGTKLAVL,RVQPTESIVRFPNITNLCPFGEVFNATRFASVYAWNRKRISNCVADYSVLYNSASFSTFKCYGVSPTKLNDLCFTNVYADSFVIRGDEVRQIAPGQTGKIADYNYKLPDDFTGCVIAWNSNNLDSKVGGNYNYLYRLFRKSNLKPFERDISTEIYQAGSTPCNGVEGFNCYFPLQSYGFQPTNGVGYQPYRVVVLSFELLHAPATVCGPKKSTNLVKNKCVNF
R1-32-T6,QVQLVQSGAEVKTPGSSVKVSCKASGGTFSSYSVSWVRQAPGQGLEWMAKIIPMLDIADSAQRFQGRVTLTADKSTSTAYMELSSLRSEDTAVYYCAREVGYSGYGSNWYFDVWGRGTLVTVSS,QSVLTQPPSVSGAPGQRVTISCTGTNSNIGAGYDVHWYQQLPGTAPKLLIYGNINRPSGVPDRFSGSKSDTSASLAITGLQAEDEADYYCQSYDSSLTIFGGGTKLTVL,RVQPTESIVRFPNITNLCPFGEVFNATRFASVYAWNRKRISNCVADYSVLYNSASFSTFKCYGVSPTKLNDLCFTNVYADSFVIRGDEVRQIAPGQTGKIADYNYKLPDDFTGCVIAWNSNNLDSKVGGNYNYLYRLFRKSNLKPFERDISTEIYQAGSTPCNGVEGFNCYFPLQSYGFQPTNGVGYQPYRVVVLSFELLHAPATVCGPKKSTNLVKNKCVNF
R1-32-T7,QVQLVQSGAEVKKPGSSVKVSCKASGGTFSSYTISWVRQAPGQGLEWIGKIIPILGIADYAEQVQGRITITADTSTGTAYMDLSSLRSEDTAFYYCARERGYSDYGSAIYFDYWGQGTLVTVSS,QSVLTQPPSVSGAPGQRVTISCTGTSSNIGAGYDVHWYQQVPGTAPKLLIYGNTNRPSGVPDRFSGSKSGTSASLAITGLQAEDEADYYCQSYDSSLSGSGVFGGGTKLTVL,RVQPTESIVRFPNITNLCPFGEVFNATRFASVYAWNRKRISNCVADYSVLYNSASFSTFKCYGVSPTKLNDLCFTNVYADSFVIRGDEVRQIAPGQTGKIADYNYKLPDDFTGCVIAWNSNNLDSKVGGNYNYLYRLFRKSNLKPFERDISTEIYQAGSTPCNGVEGFNCYFPLQSYGFQPTNGVGYQPYRVVVLSFELLHAPATVCGPKKSTNLVKNKCVNF
R1-32-T8,QVQLVQSGAEVKKTGSSVKVSCRASGGTFSSHPISWVRQAPGQGLEWVGRIIPIVGIADYAQKLQGRVTLTADKSTSAAYMELSSLRSEDTAVYYCARDQGYSGSGSSYFFDPWGQGTLVTVSS,QSVLTQPPSVSGAPGQRVTISCTGGNSNIGAGYDVHWYQQLPGTAPKLLIYVNSNRPSGVPDRFSGSKSGTSASLAITGLQAEDEADYYCQSYDSSLSASVFGGGTKLTVL,RVQPTESIVRFPNITNLCPFGEVFNATRFASVYAWNRKRISNCVADYSVLYNSASFSTFKCYGVSPTKLNDLCFTNVYADSFVIRGDEVRQIAPGQTGKIADYNYKLPDDFTGCVIAWNSNNLDSKVGGNYNYLYRLFRKSNLKPFERDISTEIYQAGSTPCNGVEGFNCYFPLQSYGFQPTNGVGYQPYRVVVLSFELLHAPATVCGPKKSTNLVKNKCVNF
R1-32-T9,QVQLVQSGAEMKKPGSSVKVSCKASGGTFSSYTFTWVRQAPGQGLEWMGRIIPILGVADSAQKFQGRVTISADKSTSTVYMELSSLRSEDTALYYCARERGYSDSGSAYYFDSWGQGTLVTVSS,QSVLTQPPSVSGAPGQRVTISCTGSNSNLGAGYDVHWYQQLPGAAPKLLIYANTNRPSGVPDRFSGSKSGTSASLAITGLQAEDEADYYCQSYDSGLSGSLFGGGTKLTVL,RVQPTESIVRFPNITNLCPFGEVFNATRFASVYAWNRKRISNCVADYSVLYNSASFSTFKCYGVSPTKLNDLCFTNVYADSFVIRGDEVRQIAPGQTGKIADYNYKLPDDFTGCVIAWNSNNLDSKVGGNYNYLYRLFRKSNLKPFERDISTEIYQAGSTPCNGVEGFNCYFPLQSYGFQPTNGVGYQPYRVVVLSFELLHAPATVCGPKKSTNLVKNKCVNF
R1-32-T10,QVQLVQSGAEVKKPGSSVRVSCKASGGTFSSFPISWVRQAPGQGLEWMGRIIPILGVPNYAQRFQGRVTITADKSTSTAYMELSSLTSADTAVYYCARARGYSGSGSSYYFDYWGQGTLVTVSS,QSVLTQPPSVSGAPGQRVTISCTGSDSNIGAGYDVHWYQQLPGTAPKLLMYANTNRPSGVPARFSGSKSGTSASLAITGLQAEDEADYYCQSYDSSLSDSVFGGGTKLTVL,RVQPTESIVRFPNITNLCPFGEVFNATRFASVYAWNRKRISNCVADYSVLYNSASFSTFKCYGVSPTKLNDLCFTNVYADSFVIRGDEVRQIAPGQTGKIADYNYKLPDDFTGCVIAWNSNNLDSKVGGNYNYLYRLFRKSNLKPFERDISTEIYQAGSTPCNGVEGFNCYFPLQSYGFQPTNGVGYQPYRVVVLSFELLHAPATVCGPKKSTNLVKNKCVNF